2023-2024, W_PCT, EFG_PCT ,FTA_RATE ,TM_TOV_PCT ,OREB_PCT ,OPP_EFG_PCT, OPP_FTA_RATE ,OPP_TOV_PCT ,OPP_OREB_PCT
W_PCT,1,0.773229105,0.346328658,-0.53651908,0.045443258,-0.766861787,-0.202135165,0.031334125,-0.356425497
2010-2011, W_PCT, EFG_PCT ,FTA_RATE ,TM_TOV_PCT ,OREB_PCT ,OPP_EFG_PCT, OPP_FTA_RATE ,OPP_TOV_PCT ,OPP_OREB_PCT
W_PCT,1,0.724339592,0.339400052,-0.430739427,-0.286716608,-0.743483634,-0.507443033,0.066669072,-0.409642135
1997-1997, W_PCT, EFG_PCT ,FTA_RATE ,TM_TOV_PCT ,OREB_PCT ,OPP_EFG_PCT, OPP_FTA_RATE ,OPP_TOV_PCT ,OPP_OREB_PCT
W_PCT,1,0.836385327,0.289965486,-0.323801593,-0.120785365,-0.828046029,-0.067156702,0.300836283,-0.627332375
ALL	 W_PCT	 EFG_PCT 	FTA_RATE 	TM_TOV_PCT 	OREB_PCT 	OPP_EFG_PCT	 OPP_FTA_RATE 	OPP_TOV_PCT 	OPP_OREB_PCT
W_PCT	1	0.465878914	0.197662079	-0.247935694	-0.081455483	-0.427219183	-0.145077403	0.093938006	-0.280545984
